{"cameraMode":{"drawMode":0,"name":"Shaded","section":"Shading Mode"},"sceneLighting":true,"audioPlay":false,"sceneViewState":{"showFog":true,"showMaterialUpdate":false,"showSkybox":true,"showFlares":true,"showImageEffects":true,"showParticleSystems":true},"in2DMode":false,"pivot":{"x":-0.3396874666213989,"y":3.0530974864959719,"z":8.370267868041993},"rotation":{"x":0.000043579741031862795,"y":0.9893900752067566,"z":-0.1452936977148056,"w":0.00029769219690933824},"size":2.534709930419922,"orthographic":false}